列名（必須）,Label_ja,Label_en,Year,BranchCode,Category,Photo_NAS,Photo_SP,Permit_NAS,Permit_SP,PermissionStatus,
入力例,レインボーブリッジ,Rainbow Bridge,2024,TKY,CIV（or 土木）,\NAS\bridges\RB\photo.jpg,https://sharepoint/.../RB.jpg,\NAS\bridges\RB\permit.pdf,https://sharepoint/.../RB-permit.pdf,TRUE/FALSE,
1,虎芝タワー,Torashiba Tower,2020,JP,BC,\NAS\bridges\RB\photo.jpg,,\NAS\bridges\RB\permit.pdf,,TRUE,支店番号誤り（日本の場合はJPでなく地方支店コードとすべき）
2,シンガポールバイパス,SP Bypass,2019,SP,CE,\NAS\bridges\SPBypass\20190902.jpg,https://sharepoint/.../SPBypass.jpg,\NAS\bridges\RB\permit.pdf,https://sharepoint/.../RB-permit.pdf,TRUE,正しい
3,聖ルカ病院,St. Luka Hospital,2009,MX,BC,\NAS\hospital\luka\photo.jpg,https://sharepoint/.../luka.jpg,,https://sharepoint/.../luka-permit.pdf,TRUE,竣工年違う＆拠点いずれか間違い（MX or Zambia?）
4,セミインディア工場,SEMI India Factory,2022,IN,BC,\NAS\factory\semindia\exterior.jpg,https://sharepoint/.../semindia.png,,,FALSE,許可なし
5,C2O大连工場,,,CN,BC,\NAS\factory\C2O\photo.jpg,,C2O掲載許可.pdf,,TRUE,NASのみ。許可証パス間違い
6,ルカ病院,Luka District Hospital,2005,Zambia,BC,"""C:\Users\UZB9388\Documents\●Shimizu World\Images\—Pngtree—photographs of tall buildings standing_1479629.jpg""",https://sharepoint/.../luka.jpg,\NAS\bridges\RB\luka.pdf,,TRUE,重複＆いずれか間違い（MX or Zambia?）
7,,,,,,,,,,,
8,,,,,,,,,,,
